貼付日,機器状態,管区,駅,コーナ,品名,機種,号機,要点検・点検予告理由,最終点検日,,,,,,,,,,,,,,,,,,,
5/10/2026,×,田園都市線,三軒茶屋,本屋,改,ＧＸ８,9,分離不能（投入口返却）　6%／日　（主機）,3/21/2026,,,,,,,,,,,,,,,,,,,
5/11/2026,×,田園都市線,宮崎台,本屋,改,ＧＸ８,1,通行制御（主）　（改）IC処理未了発生回数（IC）　10%／日以上,,4月1日,←検索ワードいれてね。黄色くなります。,,,,,,,,,,,,,,,,,
5/11/2026,×,池上線,石川台,A,改,ＧＸ８,6,分離不能（投入口返却）　6%／日　（従機）　集札　異常券（エド券）　5%／日以上　分離リトライ　7%／日　（従機）,12/15/2024,,,,,,,,,,,,,,,,,,,
5/11/2026,×,田園都市線,三軒茶屋,本屋,改,ＧＸ８,9,ハンドラ（主）　PH29異常　5回／日以上,3/21/2026,,,,,,,,,,,,,,,,,,,
5/12/2026,×,ＭＭ線,みなとみらい,本屋,改,ＧＸ８,2,分離不能（投入口返却）　6%／日　（従機）　集札　異常券（大型券）　8%／日以上,7/29/2025,,,,,,,,,,,,,,,,,,,
5/12/2026,△,田園都市線,宮前平,本屋,改,ＧＸ８,4,分離リトライ　7%／日　（主機）,11/29/2024,,,,,,,,,,,,,,,,,,,
5/12/2026,×,田園都市線,桜新町,本屋,改,ＧＸ８,5,分離不能（投入口返却）　6%／日　（主機）,,,,,,,,,,,,,,,,,,,,
5/12/2026,△,田園都市線,宮前平,本屋,改,ＧＸ８,1,分離リトライ　7%／日　（主機）,8/27/2024,△は管区、駅、コーナ、号機、予告理由３つ同じ内容,,,,,,,,,,,,,,,,,,
5/12/2026,×,田園都市線,宮崎台,本屋,改,ＧＸ８,1,改札　IC読取未了発生回数　200回／日以上　通行制御（主）　（改）IC処理未了発生回数（IC）　10%／日以上,,×はそのまま上がっております,,,,,,,,,,,,,,,,,,
5/12/2026,×,田園都市線,渋谷,宮益中央,改,ＧＸ８,10,改札　異常券（エド券）　20回／日以上　改札　異常券（定期券）　20回／日以上　改札　白紙券（エド券）　20回／日以上　改札　白紙券（定期券）　20回／日以上　改札　異常券（エド券）　10回／日以上　改札　異常券（エド券）　5％／日以上　改札　異常券（定期券）　10回／日以上　改札　異常券（定期券）　5%／日以上　改札　白紙券（エド券）　10回／日以上　改札　白紙券（定期券）　10回／日以上,1/10/2025,（すべて最新日優先です。）,,,,,,,,,,,,,,,,,,
5/13/2026,×,田園都市線,渋谷,ハチ公A,改,ＧＸ８,1,改札　異常券（定期券）　20回／日以上　改札　異常券（定期券）　10回／日以上　改札　異常券（定期券）　5%／日以上　改札　白紙券（定期券）　10回／日以上,5/24/2024,今日の分いままでのリモメン引継ぎにコピペしてね。,,,,,,,,,,,,,,,,,,
5/13/2026,×,田園都市線,渋谷,宮益東,改,ＧＸ８,3,集札　券詰まり回数（エド券）　3回／日以上　ハンドラ（主）　PH29異常　5回／日以上　集札　券詰まり回数（エド券）　2回／日以上,9/5/2024,（引継ぎへの自動貼付、実績入力、重複判定は後日実装予定。）,,,,,,,,,,,,,,,,,,
5/13/2026,×,田園都市線,宮前平,本屋,改,ＧＸ８,4,分離不能（投入口返却）　6%／日　（主機）　分離リトライ　7%／日　（主機）,11/29/2024,,,,,,,,,,,,,,,,,,,
5/13/2026,△,目黒線,洗足,本屋,改,ＧＸ８,3,分離リトライ　7%／日　（従機）,9/15/2025,,,,,,,,,,,,,,,,,,,
5/13/2026,×,池上線,五反田,東急,改,ＧＸ８,5,分離不能（投入口返却）　6%／日　（主機）　改札　異常券（エド券）　5％／日以上,8/15/2023,,,,,,,,,,,,,,,,,,,
5/13/2026,×,ＭＭ線,みなとみらい,本屋,改,ＧＸ８,2,分離不能（投入口返却）　6%／日　（従機）　分離リトライ　8%／日　（従機）,7/29/2025,,,,,,,,,,,,,,,,,,,
5/14/2026,×,ＭＭ線,みなとみらい,本屋,改,ＧＸ８,2,分離不能（投入口返却）　6%／日　（従機）,7/29/2025,,,,,,,,,,,,,,,,,,,
5/14/2026,△,目黒線,武蔵小山,本屋,改,ＧＸ８,2,分離リトライ　7%／日　（主機）,3/30/2025,,,,,,,,,,,,,,,,,,,
5/14/2026,×,池上線,石川台,本屋,改,ＧＸ８,1,分離不能（投入口返却）　6%／日　（従機）　分離リトライ　7%／日　（従機）,12/15/2024,,,,,,,,,,,,,,,,,,,
5/14/2026,×,田園都市線,長津田,本屋,改,ＧＸ８,1,集札　券詰まり回数（定期券）　3回／日以上　集札　券詰まり回数（定期券）　2回／日以上　集札側　上蓋SWによる終了3回／日,2/26/2023,,,,,,,,,,,,,,,,,,,
5/14/2026,×,田園都市線,宮崎台,本屋,改,ＧＸ８,1,通行制御（主）　（改）IC処理未了発生回数（IC）　10%／日以上,,,,,,,,,,,,,,,,,,,,
5/14/2026,×,田園都市線,桜新町,本屋,改,ＧＸ８,5,ハンドラ（主）　PH29異常　5回／日以上,,,,,,,,,,,,,,,,,,,,
5/14/2026,×,田園都市線,青葉台,本屋,改,ＧＸ８,2,改札　券詰まり回数（エド券）　3回／日以上　改札　異常券（エド券）　20回／日以上　改札　サムチェックエラー（エド券）　20回／日以上　改札　券詰まり回数（エド券）　2回／日以上　改札　異常券（エド券）　10回／日以上　改札　異常券（エド券）　5％／日以上　改札　サムチェックエラー（エド券）　10回／日以上　改札側　上蓋SWによる終了3回／日,8/13/2022,,,,,,,,,,,,,,,,,,,
5/14/2026,△,池上線,雪が谷大塚,本屋,改,ＧＸ８,1,分離リトライ　7%／日　（従機）,7/5/2025,,,,,,,,,,,,,,,,,,,
5/15/2026,×,池上線,長原,本屋,改,ＧＸ８,1,分離不能（投入口返却）　6%／日　（主機）　分離リトライ　7%／日　（主機）,8/22/2025,,,,,,,,,,,,,,,,,,,
5/15/2026,×,池上線,石川台,本屋,改,ＧＸ８,1,分離不能（投入口返却）　6%／日　（従機）　分離リトライ　7%／日　（主機）　分離リトライ　7%／日　（従機）,12/15/2024,,,,,,,,,,,,,,,,,,,
5/15/2026,×,目黒線,洗足,本屋,改,ＧＸ８,2,分離不能（投入口返却）　6%／日　（主機）,7/2/2025,,,,,,,,,,,,,,,,,,,
5/16/2026,×,田園都市線,南町田ｸﾞﾗﾝ,本屋,改,ＧＸ８,3,改札　券詰まり回数（エド券）　3回／日以上　集札　券詰まり回数（エド券）　3回／日以上　改札　券詰まり回数（エド券）　2回／日以上　集札　券詰まり回数（エド券）　2回／日以上　改札側　上蓋SWによる終了3回／日,3/27/2025,,,,,,,,,,,,,,,,,,,
5/16/2026,×,田園都市線,渋谷,ハチ公A,改,ＧＸ８,1,改札　異常券（定期券）　20回／日以上　改札　異常券（定期券）　10回／日以上　改札　異常券（定期券）　5%／日以上　改札　白紙券（定期券）　10回／日以上,5/24/2024,,,,,,,,,,,,,,,,,,,
5/16/2026,×,池上線,石川台,本屋,改,ＧＸ８,1,分離不能（投入口返却）　6%／日　（従機）　分離リトライ　7%／日　（従機）,12/15/2024,,,,,,,,,,,,,,,,,,,
5/16/2026,×,田園都市線,宮崎台,本屋,改,ＧＸ８,1,改札　IC読取未了発生回数　200回／日以上　通行制御（主）　（改）IC処理未了発生回数（IC）　10%／日以上,,,,,,,,,,,,,,,,,,,,
5/17/2026,×,目黒線,大岡山,本屋,改,ＧＸ８,2,集札　IC　R／W通信異常　10回／日以上　集札　IC　R/W通信異常　5回／日以上,8/14/2022,,,,,,,,,,,,,,,,,,,
5/17/2026,×,田園都市線,渋谷,ハチ公A,改,ＧＸ８,1,改札　異常券（定期券）　20回／日以上　改札　白紙券（定期券）　20回／日以上　改札　異常券（定期券）　10回／日以上　改札　異常券（定期券）　5%／日以上　改札　白紙券（定期券）　10回／日以上,5/24/2024,,,,,,,,,,,,,,,,,,,
5/17/2026,×,田園都市線,鷺沼,本屋,改,ＧＸ８,4,集札　券詰まり回数（エド券）　3回／日以上　集札　券詰まり回数（エド券）　2回／日以上,4/13/2025,,,,,,,,,,,,,,,,,,,
5/17/2026,×,田園都市線,青葉台,本屋,改,ＧＸ８,2,改札　異常券（エド券）　20回／日以上　改札　券詰まり回数（エド券）　2回／日以上　改札　異常券（エド券）　10回／日以上　改札　異常券（エド券）　5％／日以上　改札　サムチェックエラー（エド券）　10回／日以上,8/13/2022,,,,,,,,,,,,,,,,,,,
5/17/2026,×,田園都市線,宮前平,本屋,改,ＧＸ８,4,分離不能（投入口返却）　6%／日　（主機）　集札　券詰まり回数（エド券）　2回／日以上　分離リトライ　7%／日　（主機）,11/29/2024,,,,,,,,,,,,,,,,,,,
5/17/2026,×,目黒線,洗足,本屋,改,ＧＸ８,2,分離不能（投入口返却）　6%／日　（主機）,7/2/2025,,,,,,,,,,,,,,,,,,,
5/18/2026,×,田園都市線,青葉台,本屋,改,ＧＸ８,2,ハンドラ（主）　PH27異常　5回／日以上,8/13/2022,,,,,,,,,,,,,,,,,,,
5/18/2026,△,田園都市線,宮前平,本屋,改,ＧＸ８,1,分離リトライ　7%／日　（主機）,8/27/2024,,,,,,,,,,,,,,,,,,,
5/18/2026,×,田園都市線,渋谷,ハチ公A,改,ＧＸ８,9,集札　券詰まり回数（エド券）　3回／日以上　集札　券詰まり回数（エド券）　2回／日以上,8/14/2025,,,,,,,,,,,,,,,,,,,
5/18/2026,△,田園都市線,宮前平,本屋,改,ＧＸ８,3,分離リトライ　7%／日　（主機）,11/10/2024,,,,,,,,,,,,,,,,,,,
5/18/2026,×,田園都市線,宮前平,本屋,改,ＧＸ８,4,分離不能（投入口返却）　6%／日　（主機）　分離リトライ　7%／日　（主機）,11/29/2024,,,,,,,,,,,,,,,,,,,
5/18/2026,△,田園都市線,たまプラーザ,本屋,改,ＧＸ８,5,分離リトライ　7%／日　（主機）,9/19/2025,,,,,,,,,,,,,,,,,,,
5/18/2026,×,ＭＭ線,馬車道,本屋,改,ＧＸ８,1,分離不能（投入口返却）　6%／日　（従機）　改札　異常券（大型券）　8%／日以上,7/29/2025,,,,,,,,,,,,,,,,,,,
5/18/2026,×,目黒線,洗足,本屋,改,ＧＸ８,2,分離不能（投入口返却）　6%／日　（主機）　分離リトライ　7%／日　（主機）,7/2/2025,,,,,,,,,,,,,,,,,,,
5/18/2026,△,東横線,横浜,本屋,改,ＧＸ８,4,分離リトライ　7%／日　（従機）,9/9/2025,,,,,,,,,,,,,,,,,,,
5/18/2026,×,田園都市線,青葉台,本屋,改,ＧＸ８,6,改札　券詰まり回数（エド券）　3回／日以上　改札　券詰まり回数（エド券）　2回／日以上　改札側　上蓋SWによる終了3回／日,3/8/2025,,,,,,,,,,,,,,,,,,,
5/19/2026,△,目黒線,洗足,本屋,改,ＧＸ８,3,分離リトライ　7%／日　（従機）,9/15/2025,,,,,,,,,,,,,,,,,,,
5/19/2026,×,田園都市線,藤が丘,本屋,改,ＧＸ８,3,集札　券詰まり回数（定期券）　3回／日以上　集札　券詰まり回数（定期券）　2回／日以上　集札側　上蓋SWによる終了3回／日,4/29/2025,,,,,,,,,,,,,,,,,,,
5/19/2026,×,田園都市線,宮崎台,本屋,改,ＧＸ８,1,通行制御（主）　（改）IC処理未了発生回数（IC）　10%／日以上,,,,,,,,,,,,,,,,,,,,
5/19/2026,×,目黒線,洗足,本屋,改,ＧＸ８,2,分離不能（投入口返却）　6%／日　（主機）,7/2/2025,,,,,,,,,,,,,,,,,,,
5/19/2026,×,池上線,五反田,連絡,改,ＧＸ８,28,通行制御（主）　（改）IC処理未了発生回数（IC）　10%／日以上,11/4/2025,,,,,,,,,,,,,,,,,,,
5/19/2026,×,ＭＭ線,みなとみらい,本屋,改,ＧＸ８,2,分離不能（投入口返却）　6%／日　（従機）,7/29/2025,,,,,,,,,,,,,,,,,,,
5/20/2026,△,田園都市線,渋谷,ハチ公A,改,ＧＸ８,1,改札　異常券（定期券）　10回／日以上　改札　異常券（定期券）　5%／日以上　改札　白紙券（定期券）　10回／日以上,5/24/2024,,,,,,,,,,,,,,,,,,,
5/20/2026,△,ＭＭ線,元町・中華街,Ａ,改,ＧＸ８,51,分離リトライ　8%／日　（従機）,7/29/2025,,,,,,,,,,,,,,,,,,,
5/20/2026,×,田園都市線,宮崎台,本屋,改,ＧＸ８,1,改札　IC読取未了発生回数　200回／日以上　通行制御（主）　（改）IC処理未了発生回数（IC）　10%／日以上,,,,,,,,,,,,,,,,,,,,
5/20/2026,×,池上線,石川台,本屋,改,ＧＸ８,1,分離不能（投入口返却）　6%／日　（従機）　分離リトライ　7%／日　（主機）　分離リトライ　7%／日　（従機）,12/15/2024,,,,,,,,,,,,,,,,,,,
5/20/2026,△,池上線,石川台,本屋,改,ＧＸ８,3,分離リトライ　7%／日　（従機）,1/17/2024,,,,,,,,,,,,,,,,,,,
5/20/2026,×,池上線,雪が谷大塚,本屋,改,ＧＸ８,1,分離不能（投入口返却）　6%／日　（従機）　分離リトライ　7%／日　（従機）,7/5/2025,,,,,,,,,,,,,,,,,,,
5/20/2026,△,東横線,横浜,南,改,ＧＸ８,9,分離リトライ　7%／日　（主機）,9/9/2025,,,,,,,,,,,,,,,,,,,
5/20/2026,×,ＭＭ線,馬車道,本屋,改,ＧＸ８,1,分離不能（投入口返却）　6%／日　（従機）　分離リトライ　8%／日　（従機）,7/29/2025,,,,,,,,,,,,,,,,,,,
5/21/2026,×,池上線,石川台,本屋,改,ＧＸ８,1,分離不能（投入口返却）　6%／日　（主機）　分離不能（投入口返却）　6%／日　（従機）　分離リトライ　7%／日　（主機）　分離リトライ　7%／日　（従機）,12/15/2024,,,,,,,,,,,,,,,,,,,
5/21/2026,△,池上線,長原,本屋,改,ＧＸ８,3,分離リトライ　7%／日　（主機）,6/8/2023,,,,,,,,,,,,,,,,,,,
5/21/2026,×,ＭＭ線,馬車道,本屋,改,ＧＸ８,1,分離不能（投入口返却）　6%／日　（従機）,7/29/2025,,,,,,,,,,,,,,,,,,,
5/21/2026,×,目黒線,洗足,本屋,改,ＧＸ８,2,分離不能（投入口返却）　6%／日　（主機）　分離リトライ　7%／日　（主機）,7/2/2025,,,,,,,,,,,,,,,,,,,
5/21/2026,×,ＭＭ線,元町・中華街,Ａ,改,ＧＸ８,56,分離不能（投入口返却）　6%／日　（従機）,2/25/2026,,,,,,,,,,,,,,,,,,,
5/21/2026,×,ＭＭ線,みなとみらい,Ａ,改,ＧＸ８,55,分離不能（投入口返却）　6%／日　（従機）,1/9/2024,,,,,,,,,,,,,,,,,,,
5/22/2026,×,ＭＭ線,みなとみらい,本屋,改,ＧＸ８,2,分離不能（投入口返却）　6%／日　（従機）,7/29/2025,,,,,,,,,,,,,,,,,,,
5/22/2026,×,池上線,石川台,本屋,改,ＧＸ８,1,分離不能（投入口返却）　6%／日　（主機）,12/15/2024,,,,,,,,,,,,,,,,,,,
5/22/2026,×,ＭＭ線,馬車道,本屋,改,ＧＸ８,1,分離不能（投入口返却）　6%／日　（従機）　集札　異常券（定期券）　5%／日以上,7/29/2025,,,,,,,,,,,,,,,,,,,
5/23/2026,×,田園都市線,渋谷,ヒカリ1,改,ＧＸ８,8,集札　券詰まり回数（エド券）　3回／日以上　ハンドラ（従）　PH29異常　5回／日以上　集札　券詰まり回数（エド券）　2回／日以上　集札　異常券（エド券）　10回／日以上　集札　異常券（エド券）　5%／日以上　集札　異常券（定期券）　5%／日以上,5/15/2025,,,,,,,,,,,,,,,,,,,
5/23/2026,×,田園都市線,二子新地,A,改,ＧＸ８,21,分離不能（投入口返却）　6%／日　（主機）,7/9/2022,,,,,,,,,,,,,,,,,,,
5/23/2026,×,池上線,石川台,本屋,改,ＧＸ８,1,分離不能（投入口返却）　6%／日　（主機）　分離リトライ　7%／日　（主機）,12/15/2024,,,,,,,,,,,,,,,,,,,
5/23/2026,×,ＭＭ線,馬車道,本屋,改,ＧＸ８,1,分離不能（投入口返却）　6%／日　（従機）　集札　異常券（大型券）　8%／日以上,7/29/2025,,,,,,,,,,,,,,,,,,,
5/24/2026,×,田園都市線,たまプラーザ,A,改,ＧＸ８,23,改札　券詰まり回数（エド券）　3回／日以上　改札　券詰まり回数（エド券）　2回／日以上　改札　異常券（エド券）　5％／日以上,8/6/2022,,,,,,,,,,,,,,,,,,,
5/24/2026,×,田園都市線,たまプラーザ,本屋,改,ＧＸ８,1,改札　券詰まり回数（エド券）　3回／日以上　改札　券詰まり回数（エド券）　2回／日以上,2/12/2023,,,,,,,,,,,,,,,,,,,
5/24/2026,×,田園都市線,三軒茶屋,本屋,改,ＧＸ８,6,ハンドラ（主）　PH29異常　5回／日以上,1/12/2026,,,,,,,,,,,,,,,,,,,
5/24/2026,×,ＭＭ線,元町・中華街,Ａ,改,ＧＸ８,56,分離不能（投入口返却）　6%／日　（従機）,2/25/2026,,,,,,,,,,,,,,,,,,,
5/24/2026,×,田園都市線,桜新町,本屋,改,ＧＸ８,5,分離不能（投入口返却）　6%／日　（主機）,,,,,,,,,,,,,,,,,,,,
5/24/2026,×,田園都市線,長津田,本屋,改,ＧＸ８,1,ハンドラ（主）　PH27異常　5回／日以上　ハンドラ（主）　PH28異常　5回／日以上,2/26/2023,,,,,,,,,,,,,,,,,,,
5/24/2026,×,小田原線,新宿,南,改,ＧＸ８,1,前回点検から80日経過　前回点検から2ヶ月経過,2/21/2026,92,,,,,,,,,,,,,,,,5/24/2026,,
5/24/2026,×,小田原線,新宿,南,改,ＧＸ８,2,前回点検から80日経過　前回点検から2ヶ月経過,2/21/2026,92,,,,,,,,,,,,,,,,5/24/2026,,
5/24/2026,×,小田原線,新宿,南,改,ＧＸ８,3,前回点検から80日経過　前回点検から2ヶ月経過,2/21/2026,92,,,,,,,,,,,,,,,,5/24/2026,,
5/24/2026,×,小田原線,新宿,南,改,ＧＸ８,4,前回点検から80日経過　前回点検から2ヶ月経過,2/21/2026,92,,,,,,,,,,,,,,,,5/24/2026,,
5/24/2026,×,小田原線,新宿,南,改,ＧＸ８,5,前回点検から80日経過　前回点検から2ヶ月経過,2/21/2026,92,,,,,,,,,,,,,,,,5/24/2026,,
5/24/2026,×,小田原線,新宿,南,改,ＧＸ８,6,前回点検から80日経過　前回点検から2ヶ月経過,2/21/2026,92,,,,,,,,,,,,,,,,5/24/2026,,
5/24/2026,×,小田原線,新宿,南,改,ＧＸ８,7,前回点検から80日経過　前回点検から2ヶ月経過,2/21/2026,92,,,,,,,,,,,,,,,,5/24/2026,,
5/24/2026,×,小田原線,新宿,南,改,ＧＸ８,8,前回点検から80日経過　前回点検から2ヶ月経過,2/21/2026,92,,,,,,,,,,,,,,,,5/24/2026,,
5/24/2026,×,小田原線,新宿,南,改,ＧＸ８,9,前回点検から80日経過　前回点検から2ヶ月経過,2/21/2026,92,,,,,,,,,,,,,,,,5/24/2026,,
5/24/2026,×,小田原線,新宿,南,改,ＧＸ８,10,前回点検から80日経過　前回点検から2ヶ月経過,2/21/2026,92,,,,,,,,,,,,,,,,5/24/2026,,
5/24/2026,×,小田原線,新宿,南,改,ＧＸ８,11,前回点検から80日経過　前回点検から2ヶ月経過,2/21/2026,92,,,,,,,,,,,,,,,,5/24/2026,,
5/24/2026,×,小田原線,新宿,南,監,ＫＸ８,4,前回点検から80日経過　前回点検から２ヶ月経過,2/21/2026,92,,,,,,,,,,,,,,,,5/24/2026,,
5/24/2026,×,小田原線,新宿,西上,改,ＧＸ８,1,前回点検から80日経過　前回点検から2ヶ月経過,3/4/2026,81,,,,,,,,,,,,,,,,5/24/2026,,
5/24/2026,×,小田原線,新宿,西上,改,ＧＸ８,2,前回点検から80日経過　前回点検から2ヶ月経過,3/4/2026,81,,,,,,,,,,,,,,,,5/24/2026,,
5/24/2026,×,小田原線,新宿,西上,改,ＧＸ８,3,前回点検から80日経過　前回点検から2ヶ月経過,3/4/2026,81,,,,,,,,,,,,,,,,5/24/2026,,
5/24/2026,×,小田原線,新宿,西上,改,ＧＸ８,4,前回点検から80日経過　前回点検から2ヶ月経過,3/4/2026,81,,,,,,,,,,,,,,,,5/24/2026,,
5/24/2026,×,小田原線,新宿,西上,改,ＧＸ８,5,前回点検から80日経過　前回点検から2ヶ月経過,3/4/2026,81,,,,,,,,,,,,,,,,5/24/2026,,
5/24/2026,×,小田原線,新宿,西上,改,ＧＸ８,6,前回点検から80日経過　前回点検から2ヶ月経過,3/4/2026,81,,,,,,,,,,,,,,,,5/24/2026,,
5/24/2026,×,小田原線,新宿,西上,改,ＧＸ８,7,前回点検から80日経過　前回点検から2ヶ月経過,3/4/2026,81,,,,,,,,,,,,,,,,5/24/2026,,
5/24/2026,×,小田原線,新宿,西上,改,ＧＸ８,8,前回点検から80日経過　前回点検から2ヶ月経過,3/4/2026,81,,,,,,,,,,,,,,,,5/24/2026,,
5/24/2026,×,小田原線,新宿,西上,改,ＧＸ８,9,前回点検から80日経過　前回点検から2ヶ月経過,3/4/2026,81,,,,,,,,,,,,,,,,5/24/2026,,
5/24/2026,×,小田原線,新宿,西上,改,ＧＸ８,10,前回点検から80日経過　前回点検から2ヶ月経過,3/4/2026,81,,,,,,,,,,,,,,,,5/24/2026,,
5/24/2026,×,小田原線,新宿,西上,改,ＧＸ８,11,前回点検から80日経過　前回点検から2ヶ月経過,3/4/2026,81,,,,,,,,,,,,,,,,5/24/2026,,
5/24/2026,×,小田原線,新宿,西上,監,ＫＸ８,4,前回点検から80日経過　前回点検から２ヶ月経過,3/4/2026,81,,,,,,,,,,,,,,,,5/24/2026,,
5/24/2026,×,小田原線,南新宿,本屋,改,ＧＸ８,1,前回点検から80日経過　前回点検から2ヶ月経過,3/3/2026,82,,,,,,,,,,,,,,,,5/24/2026,,
5/24/2026,×,小田原線,南新宿,本屋,改,ＧＸ８,2,前回点検から80日経過　前回点検から2ヶ月経過,3/3/2026,82,,,,,,,,,,,,,,,,5/24/2026,,
5/24/2026,×,小田原線,南新宿,本屋,改,ＧＸ８,3,前回点検から80日経過　前回点検から2ヶ月経過,3/3/2026,82,,,,,,,,,,,,,,,,5/24/2026,,
5/24/2026,×,小田原線,南新宿,本屋,改,ＧＸ８,4,前回点検から80日経過　前回点検から2ヶ月経過,3/3/2026,82,,,,,,,,,,,,,,,,5/24/2026,,
5/24/2026,×,小田原線,南新宿,本屋,監,ＫＸ８,4,前回点検から80日経過　前回点検から２ヶ月経過,3/3/2026,82,,,,,,,,,,,,,,,,5/24/2026,,
5/24/2026,×,小田原線,参宮橋,本屋,改,ＧＸ８,1,前回点検から80日経過　前回点検から2ヶ月経過,3/4/2026,81,,,,,,,,,,,,,,,,5/24/2026,,
5/24/2026,×,小田原線,参宮橋,本屋,改,ＧＸ８,2,前回点検から80日経過　前回点検から2ヶ月経過,3/4/2026,81,,,,,,,,,,,,,,,,5/24/2026,,
5/24/2026,×,小田原線,参宮橋,本屋,改,ＧＸ８,3,前回点検から80日経過　前回点検から2ヶ月経過,3/4/2026,81,,,,,,,,,,,,,,,,5/24/2026,,
5/24/2026,×,小田原線,参宮橋,本屋,改,ＧＸ８,4,前回点検から80日経過　前回点検から2ヶ月経過,3/4/2026,81,,,,,,,,,,,,,,,,5/24/2026,,
5/24/2026,×,小田原線,参宮橋,本屋,監,ＫＸ８,4,前回点検から80日経過　前回点検から２ヶ月経過,3/4/2026,81,,,,,,,,,,,,,,,,5/24/2026,,
5/24/2026,×,小田原線,代々木八幡,本屋,改,ＧＸ８,1,前回点検から80日経過　前回点検から2ヶ月経過,3/4/2026,81,,,,,,,,,,,,,,,,5/24/2026,,
5/24/2026,×,小田原線,代々木八幡,本屋,改,ＧＸ８,2,前回点検から80日経過　前回点検から2ヶ月経過,3/4/2026,81,,,,,,,,,,,,,,,,5/24/2026,,
5/24/2026,×,小田原線,代々木八幡,本屋,改,ＧＸ８,3,前回点検から80日経過　前回点検から2ヶ月経過,3/4/2026,81,,,,,,,,,,,,,,,,5/24/2026,,
5/24/2026,×,小田原線,代々木八幡,本屋,改,ＧＸ８,4,前回点検から80日経過　前回点検から2ヶ月経過,3/4/2026,81,,,,,,,,,,,,,,,,5/24/2026,,
5/24/2026,×,小田原線,代々木八幡,本屋,改,ＧＸ８,5,前回点検から80日経過　前回点検から2ヶ月経過,3/4/2026,81,,,,,,,,,,,,,,,,5/24/2026,,
5/24/2026,×,小田原線,代々木八幡,本屋,監,ＫＸ８,4,前回点検から80日経過　前回点検から２ヶ月経過,3/4/2026,81,,,,,,,,,,,,,,,,5/24/2026,,
5/24/2026,×,小田原線,代々木上原,本屋,改,ＧＸ８,1,前回点検から80日経過　前回点検から2ヶ月経過,3/4/2026,81,,,,,,,,,,,,,,,,5/24/2026,,
5/24/2026,×,小田原線,代々木上原,本屋,改,ＧＸ８,2,前回点検から80日経過　前回点検から2ヶ月経過,3/4/2026,81,,,,,,,,,,,,,,,,5/24/2026,,
5/24/2026,×,小田原線,代々木上原,本屋,改,ＧＸ８,3,前回点検から80日経過　前回点検から2ヶ月経過,3/4/2026,81,,,,,,,,,,,,,,,,5/24/2026,,
5/24/2026,×,小田原線,代々木上原,本屋,改,ＧＸ８,4,前回点検から80日経過　前回点検から2ヶ月経過,3/4/2026,81,,,,,,,,,,,,,,,,5/24/2026,,
5/24/2026,×,小田原線,代々木上原,本屋,改,ＧＸ８,5,前回点検から80日経過　前回点検から2ヶ月経過,3/4/2026,81,,,,,,,,,,,,,,,,5/24/2026,,
5/24/2026,×,小田原線,代々木上原,本屋,監,ＫＸ８,4,前回点検から80日経過　前回点検から２ヶ月経過,3/4/2026,81,,,,,,,,,,,,,,,,5/24/2026,,
5/24/2026,×,小田原線,東北沢,西,改,ＧＸ８,3,分離不能（投入口返却）／日　（従機）　前回点検から2ヶ月経過,3/22/2026,63,,,,,,,,,,,,,,,,5/24/2026,,
5/24/2026,×,小田原線,下北沢,中央,改,ＧＸ８,3,通行制御（主）　ＰＨ１９ダウン予告検知回数　 ３回／３日以上　通行制御（主）　ＰＨ２０ダウン予告検知回数　 ３回／３日以上　通行制御（主）　ＰＨ２１ダウン予告検知回数　 ３回／３日以上　通行制御（主）　ＰＨ２２ダウン予告検知回数　 ３回／３日以上　通行制御（主）　ＰＨ２３ダウン予告検知回数　 ３回／３日以上　通行制御（主）　ＰＨ２４ダウン予告検知回数　 ３回／３日以上,4/27/2026,27,,,,,,,,,,,,,,,,5/24/2026,,
5/24/2026,×,小田原線,下北沢,南西口,改,ＧＸ８,1,前回点検から80日経過　前回点検から2ヶ月経過,2/21/2026,92,,,,,,,,,,,,,,,,5/24/2026,,
5/24/2026,×,小田原線,下北沢,南西口,改,ＧＸ８,2,前回点検から80日経過　前回点検から2ヶ月経過,2/21/2026,92,,,,,,,,,,,,,,,,5/24/2026,,
5/24/2026,×,小田原線,下北沢,南西口,改,ＧＸ８,3,前回点検から80日経過　前回点検から2ヶ月経過,2/21/2026,92,,,,,,,,,,,,,,,,5/24/2026,,
5/24/2026,×,小田原線,下北沢,南西口,監,ＫＸ８,6,前回点検から80日経過　前回点検から２ヶ月経過,2/21/2026,92,,,,,,,,,,,,,,,,5/24/2026,,
5/24/2026,×,小田原線,梅ヶ丘,本屋,改,ＧＸ８,1,通行制御（主）　ＰＨ３０ダウン予告検知回数　 ３回／３日以上　前回点検から2ヶ月経過,3/6/2026,79,,,,,,,,,,,,,,,,5/24/2026,,
5/24/2026,×,小田原線,祖師ヶ谷大蔵,本屋,改,ＧＸ８,1,前回点検から80日経過　前回点検から2ヶ月経過,3/5/2026,80,,,,,,,,,,,,,,,,5/24/2026,,
5/24/2026,×,小田原線,祖師ヶ谷大蔵,本屋,改,ＧＸ８,2,前回点検から80日経過　前回点検から2ヶ月経過,3/5/2026,80,,,,,,,,,,,,,,,,5/24/2026,,
5/24/2026,×,小田原線,祖師ヶ谷大蔵,本屋,改,ＧＸ８,3,前回点検から80日経過　前回点検から2ヶ月経過,3/5/2026,80,,,,,,,,,,,,,,,,5/24/2026,,
5/24/2026,×,小田原線,祖師ヶ谷大蔵,本屋,改,ＧＸ８,4,前回点検から80日経過　前回点検から2ヶ月経過,3/5/2026,80,,,,,,,,,,,,,,,,5/24/2026,,
5/24/2026,×,小田原線,祖師ヶ谷大蔵,本屋,改,ＧＸ８,5,前回点検から80日経過　前回点検から2ヶ月経過,3/5/2026,80,,,,,,,,,,,,,,,,5/24/2026,,
5/24/2026,×,小田原線,祖師ヶ谷大蔵,本屋,改,ＧＸ８,6,前回点検から80日経過　前回点検から2ヶ月経過,3/5/2026,80,,,,,,,,,,,,,,,,5/24/2026,,
5/24/2026,×,小田原線,祖師ヶ谷大蔵,本屋,監,ＫＸ８,4,前回点検から80日経過　前回点検から２ヶ月経過,3/5/2026,80,,,,,,,,,,,,,,,,5/24/2026,,
5/24/2026,×,小田原線,和泉多摩川,東,改,ＧＸ８,1,前回点検から80日経過　前回点検から2ヶ月経過,2/17/2026,96,,,,,,,,,,,,,,,,5/24/2026,,
5/24/2026,×,小田原線,和泉多摩川,東,改,ＧＸ８,2,前回点検から80日経過　前回点検から2ヶ月経過,2/17/2026,96,,,,,,,,,,,,,,,,5/24/2026,,
5/24/2026,×,小田原線,和泉多摩川,東,改,ＧＸ８,3,前回点検から80日経過　前回点検から2ヶ月経過,2/17/2026,96,,,,,,,,,,,,,,,,5/24/2026,,
5/24/2026,×,小田原線,和泉多摩川,東,監,ＫＸ８,5,前回点検から80日経過　前回点検から２ヶ月経過,2/17/2026,96,,,,,,,,,,,,,,,,5/24/2026,,
5/24/2026,×,小田原線,向ヶ丘遊園,北,改,ＧＸ８,1,前回点検から80日経過　前回点検から2ヶ月経過,2/15/2026,98,,,,,,,,,,,,,,,,5/24/2026,,
5/24/2026,×,小田原線,向ヶ丘遊園,北,改,ＧＸ８,2,前回点検から80日経過　前回点検から2ヶ月経過,2/15/2026,98,,,,,,,,,,,,,,,,5/24/2026,,
5/24/2026,×,小田原線,向ヶ丘遊園,北,改,ＧＸ８,3,前回点検から80日経過　前回点検から2ヶ月経過,2/15/2026,98,,,,,,,,,,,,,,,,5/24/2026,,
5/24/2026,×,小田原線,向ヶ丘遊園,北,改,ＧＸ８,4,前回点検から80日経過　前回点検から2ヶ月経過,2/15/2026,98,,,,,,,,,,,,,,,,5/24/2026,,
5/24/2026,×,小田原線,向ヶ丘遊園,北,監,ＫＸ８,4,前回点検から80日経過　前回点検から２ヶ月経過,2/15/2026,98,,,,,,,,,,,,,,,,5/24/2026,,
5/24/2026,×,小田原線,向ヶ丘遊園,南,改,ＧＸ８,1,前回点検から80日経過　前回点検から2ヶ月経過,2/17/2026,96,,,,,,,,,,,,,,,,5/24/2026,,
5/24/2026,×,小田原線,向ヶ丘遊園,南,改,ＧＸ８,2,前回点検から80日経過　前回点検から2ヶ月経過,2/17/2026,96,,,,,,,,,,,,,,,,5/24/2026,,
5/24/2026,×,小田原線,向ヶ丘遊園,南,改,ＧＸ８,3,前回点検から80日経過　前回点検から2ヶ月経過,2/17/2026,96,,,,,,,,,,,,,,,,,,5/24/2026
5/24/2026,×,小田原線,向ヶ丘遊園,南,改,ＧＸ８,4,前回点検から80日経過　前回点検から2ヶ月経過,2/17/2026,96,,,,,,,,,,,,,,,,,,5/24/2026
5/24/2026,×,小田原線,向ヶ丘遊園,南,改,ＧＸ８,5,前回点検から80日経過　前回点検から2ヶ月経過,2/17/2026,96,,,,,,,,,,,,,,,,,,5/24/2026
5/24/2026,×,小田原線,向ヶ丘遊園,南,監,ＫＸ８,4,前回点検から80日経過　前回点検から２ヶ月経過,2/17/2026,96,,,,,,,,,,,,,,,,,,5/24/2026
5/24/2026,×,小田原線,生田,本屋,改,ＧＸ８,1,前回点検から80日経過　前回点検から2ヶ月経過,2/22/2026,91,,,,,,,,,,,,,,,,,,5/24/2026
5/24/2026,×,小田原線,生田,本屋,改,ＧＸ８,2,前回点検から80日経過　前回点検から2ヶ月経過,2/22/2026,91,,,,,,,,,,,,,,,,,,5/24/2026
5/24/2026,×,小田原線,生田,本屋,改,ＧＸ８,3,前回点検から80日経過　前回点検から2ヶ月経過,2/22/2026,91,,,,,,,,,,,,,,,,,,5/24/2026
5/24/2026,×,小田原線,生田,本屋,改,ＧＸ８,4,前回点検から80日経過　前回点検から2ヶ月経過,2/22/2026,91,,,,,,,,,,,,,,,,,,5/24/2026
5/24/2026,×,小田原線,生田,本屋,改,ＧＸ８,5,前回点検から80日経過　前回点検から2ヶ月経過,2/22/2026,91,,,,,,,,,,,,,,,,,,5/24/2026
5/24/2026,×,小田原線,生田,本屋,改,ＧＸ８,6,前回点検から80日経過　前回点検から2ヶ月経過,2/22/2026,91,,,,,,,,,,,,,,,,,,5/24/2026
5/24/2026,×,小田原線,生田,本屋,監,ＫＸ８,4,前回点検から80日経過　前回点検から２ヶ月経過,2/22/2026,91,,,,,,,,,,,,,,,,,,5/24/2026
5/24/2026,×,小田原線,読売ランド前,南,改,ＧＸ８,1,前回点検から80日経過　前回点検から2ヶ月経過,3/2/2026,83,,,,,,,,,,,,,,,,,,5/24/2026
5/24/2026,×,小田原線,読売ランド前,南,改,ＧＸ８,2,前回点検から80日経過　前回点検から2ヶ月経過,3/2/2026,83,,,,,,,,,,,,,,,,,,5/24/2026
5/24/2026,×,小田原線,読売ランド前,南,改,ＧＸ８,3,前回点検から80日経過　前回点検から2ヶ月経過,3/2/2026,83,,,,,,,,,,,,,,,,,,5/24/2026
5/24/2026,×,小田原線,読売ランド前,南,改,ＧＸ８,4,前回点検から80日経過　前回点検から2ヶ月経過,3/2/2026,83,,,,,,,,,,,,,,,,,,5/24/2026
5/24/2026,×,小田原線,読売ランド前,南,改,ＧＸ８,5,前回点検から80日経過　前回点検から2ヶ月経過,3/2/2026,83,,,,,,,,,,,,,,,,,,5/24/2026
5/24/2026,×,小田原線,読売ランド前,南,監,ＫＸ８,4,前回点検から80日経過　前回点検から２ヶ月経過,3/2/2026,83,,,,,,,,,,,,,,,,,,5/24/2026
5/24/2026,×,小田原線,読売ランド前,北,改,ＧＸ８,1,前回点検から80日経過　前回点検から2ヶ月経過,2/22/2026,91,,,,,,,,,,,,,,,,,,5/24/2026
5/24/2026,×,小田原線,読売ランド前,北,改,ＧＸ８,2,前回点検から80日経過　分離リトライ／日　（従機）　前回点検から2ヶ月経過,2/22/2026,91,,,,,,,,,,,,,,,,,,5/24/2026
5/24/2026,×,小田原線,読売ランド前,北,改,ＧＸ８,3,前回点検から80日経過　前回点検から2ヶ月経過,2/22/2026,91,,,,,,,,,,,,,,,,,,5/24/2026
5/24/2026,×,小田原線,読売ランド前,北,監,ＫＸ８,5,前回点検から80日経過　前回点検から２ヶ月経過,2/22/2026,91,,,,,,,,,,,,,,,,,,5/24/2026
5/24/2026,×,小田原線,鶴川,南,改,ＧＸ８,1,前回点検から80日経過　前回点検から2ヶ月経過,2/23/2026,90,,,,,,,,,,,,,,,,,,5/24/2026
5/24/2026,×,小田原線,鶴川,南,改,ＧＸ８,2,前回点検から80日経過　前回点検から2ヶ月経過,2/23/2026,90,,,,,,,,,,,,,,,,,,5/24/2026
5/24/2026,×,小田原線,鶴川,南,改,ＧＸ８,3,前回点検から80日経過　前回点検から2ヶ月経過,2/23/2026,90,,,,,,,,,,,,,,,,,,5/24/2026
5/24/2026,×,小田原線,鶴川,南,改,ＧＸ８,4,前回点検から80日経過　前回点検から2ヶ月経過,2/23/2026,90,,,,,,,,,,,,,,,,,,5/24/2026
5/24/2026,×,小田原線,鶴川,南,監,ＫＸ８,5,前回点検から80日経過　前回点検から２ヶ月経過,2/23/2026,90,,,,,,,,,,,,,,,,,,5/24/2026
5/24/2026,×,小田原線,町田,西,改,ＧＸ８,3,前回点検から80日経過　前回点検から2ヶ月経過,2/24/2026,89,,,,,,,,,,,,,,,,,,5/24/2026
5/24/2026,×,小田原線,町田,西,改,ＧＸ８,4,前回点検から80日経過　前回点検から2ヶ月経過,2/18/2026,95,,,,,,,,,,,,,,,,,,5/24/2026
5/24/2026,×,小田原線,町田,西,改,ＧＸ８,5,前回点検から80日経過　前回点検から2ヶ月経過,2/18/2026,95,,,,,,,,,,,,,,,,,,5/24/2026
5/24/2026,×,小田原線,町田,西,改,ＧＸ８,6,前回点検から80日経過　前回点検から2ヶ月経過,2/18/2026,95,,,,,,,,,,,,,,,,,,5/24/2026
5/24/2026,×,小田原線,町田,西,改,ＧＸ８,7,前回点検から80日経過　前回点検から2ヶ月経過,2/18/2026,95,,,,,,,,,,,,,,,,,,5/24/2026
5/24/2026,×,小田原線,町田,西,改,ＧＸ８,8,前回点検から80日経過　前回点検から2ヶ月経過,2/18/2026,95,,,,,,,,,,,,,,,,,,5/24/2026
5/24/2026,×,小田原線,町田,西,改,ＧＸ８,9,前回点検から80日経過　前回点検から2ヶ月経過,2/18/2026,95,,,,,,,,,,,,,,,,,,5/24/2026
5/24/2026,×,小田原線,町田,西,改,ＧＸ８,10,前回点検から80日経過　前回点検から2ヶ月経過,2/18/2026,95,,,,,,,,,,,,,,,,,,5/24/2026
5/24/2026,×,小田原線,町田,西,改,ＧＸ８,11,前回点検から80日経過　前回点検から2ヶ月経過,2/18/2026,95,,,,,,,,,,,,,,,,,,5/24/2026
5/24/2026,×,小田原線,町田,西,監,ＫＸ８,1,前回点検から80日経過　前回点検から２ヶ月経過,2/18/2026,95,,,,,,,,,,,,,,,,,,5/24/2026
5/24/2026,×,小田原線,町田,北,改,ＧＸ８,1,前回点検から80日経過　前回点検から2ヶ月経過,2/28/2026,85,,,,,,,,,,,,,,,,,,5/24/2026
5/24/2026,×,小田原線,町田,北,改,ＧＸ８,2,前回点検から80日経過　前回点検から2ヶ月経過,2/28/2026,85,,,,,,,,,,,,,,,,,,5/24/2026
5/24/2026,×,小田原線,町田,北,改,ＧＸ８,3,前回点検から80日経過　前回点検から2ヶ月経過,2/28/2026,85,,,,,,,,,,,,,,,,,,5/24/2026
5/24/2026,×,小田原線,町田,北,改,ＧＸ８,4,前回点検から80日経過　前回点検から2ヶ月経過,2/28/2026,85,,,,,,,,,,,,,,,,,,5/24/2026
5/24/2026,×,小田原線,町田,北,改,ＧＸ８,5,前回点検から80日経過　前回点検から2ヶ月経過,2/28/2026,85,,,,,,,,,,,,,,,,,,5/24/2026
5/24/2026,×,小田原線,町田,北,改,ＧＸ８,6,前回点検から80日経過　前回点検から2ヶ月経過,2/28/2026,85,,,,,,,,,,,,,,,,,,5/24/2026
5/24/2026,×,小田原線,町田,北,監,ＫＸ８,5,前回点検から80日経過　前回点検から２ヶ月経過,2/28/2026,85,,,,,,,,,,,,,,,,,,5/24/2026
5/24/2026,×,小田原線,相模大野,中央,改,ＧＸ８,1,前回点検から80日経過　前回点検から2ヶ月経過,2/21/2026,92,,,,,,,,,,,,,,,,,,5/24/2026
5/24/2026,×,小田原線,相模大野,中央,改,ＧＸ８,2,前回点検から80日経過　前回点検から2ヶ月経過,2/21/2026,92,,,,,,,,,,,,,,,,,,5/24/2026
5/24/2026,×,小田原線,相模大野,中央,改,ＧＸ８,3,前回点検から80日経過　前回点検から2ヶ月経過,2/22/2026,91,,,,,,,,,,,,,,,,,,5/24/2026
5/24/2026,×,小田原線,相模大野,中央,改,ＧＸ８,4,前回点検から80日経過　前回点検から2ヶ月経過,2/22/2026,91,,,,,,,,,,,,,,,,,,5/24/2026
5/24/2026,×,小田原線,相模大野,中央,改,ＧＸ８,5,前回点検から80日経過　前回点検から2ヶ月経過,2/22/2026,91,,,,,,,,,,,,,,,,,,5/24/2026
5/24/2026,×,小田原線,相模大野,中央,改,ＧＸ８,6,前回点検から80日経過　前回点検から2ヶ月経過,2/22/2026,91,,,,,,,,,,,,,,,,,,5/24/2026
5/24/2026,×,小田原線,相模大野,中央,改,ＧＸ８,7,前回点検から80日経過　前回点検から2ヶ月経過,2/22/2026,91,,,,,,,,,,,,,,,,,,5/24/2026
5/24/2026,×,小田原線,相模大野,中央,改,ＧＸ８,8,前回点検から80日経過　前回点検から2ヶ月経過,2/22/2026,91,,,,,,,,,,,,,,,,,,5/24/2026
5/24/2026,×,小田原線,相模大野,中央,改,ＧＸ８,9,前回点検から80日経過　前回点検から2ヶ月経過,2/22/2026,91,,,,,,,,,,,,,,,,,,5/24/2026
5/24/2026,×,小田原線,相模大野,中央,監,ＫＸ８,4,前回点検から80日経過　前回点検から２ヶ月経過,2/22/2026,91,,,,,,,,,,,,,,,,,,5/24/2026
5/24/2026,×,小田原線,相模大野,東,改,ＧＸ８,1,前回点検から80日経過　前回点検から2ヶ月経過,2/22/2026,91,,,,,,,,,,,,,,,,,,5/24/2026
5/24/2026,×,小田原線,相模大野,東,改,ＧＸ８,2,前回点検から80日経過　前回点検から2ヶ月経過,2/22/2026,91,,,,,,,,,,,,,,,,,,5/24/2026
5/24/2026,×,小田原線,相模大野,東,改,ＧＸ８,3,前回点検から80日経過　前回点検から2ヶ月経過,2/22/2026,91,,,,,,,,,,,,,,,,,,5/24/2026
5/24/2026,×,小田原線,相模大野,東,監,ＫＸ８,5,前回点検から80日経過　前回点検から２ヶ月経過,2/22/2026,91,,,,,,,,,,,,,,,,,,5/24/2026
5/24/2026,×,小田原線,小田急相模原,本屋,改,ＧＸ８,1,前回点検から80日経過　前回点検から2ヶ月経過,2/24/2026,89,,,,,,,,,,,,,,,,,,5/24/2026
5/24/2026,×,小田原線,小田急相模原,本屋,改,ＧＸ８,2,前回点検から80日経過　前回点検から2ヶ月経過,2/24/2026,89,,,,,,,,,,,,,,,,,,5/24/2026
5/24/2026,×,小田原線,小田急相模原,本屋,改,ＧＸ８,3,前回点検から80日経過　前回点検から2ヶ月経過,2/24/2026,89,,,,,,,,,,,,,,,,,,5/24/2026
5/24/2026,×,小田原線,小田急相模原,本屋,改,ＧＸ８,4,前回点検から80日経過　前回点検から2ヶ月経過,2/24/2026,89,,,,,,,,,,,,,,,,,,5/24/2026
5/24/2026,×,小田原線,小田急相模原,本屋,改,ＧＸ８,5,前回点検から80日経過　前回点検から2ヶ月経過,2/24/2026,89,,,,,,,,,,,,,,,,,,5/24/2026
5/24/2026,×,小田原線,小田急相模原,本屋,改,ＧＸ８,6,前回点検から80日経過　前回点検から2ヶ月経過,2/24/2026,89,,,,,,,,,,,,,,,,,,5/24/2026
5/24/2026,×,小田原線,小田急相模原,本屋,改,ＧＸ８,7,前回点検から80日経過　前回点検から2ヶ月経過,2/24/2026,89,,,,,,,,,,,,,,,,,,5/24/2026
5/24/2026,×,小田原線,小田急相模原,本屋,改,ＧＸ８,8,前回点検から80日経過　前回点検から2ヶ月経過,2/24/2026,89,,,,,,,,,,,,,,,,,,5/24/2026
5/24/2026,×,小田原線,小田急相模原,本屋,監,ＫＸ８,4,前回点検から80日経過　前回点検から２ヶ月経過,2/24/2026,89,,,,,,,,,,,,,,,,,,5/24/2026
5/24/2026,×,小田原線,鶴巻温泉,南,改,ＧＸ８,1,前回点検から80日経過　前回点検から2ヶ月経過,3/1/2026,84,,,,,,,,,,,,,,,,,,5/24/2026
5/24/2026,×,小田原線,鶴巻温泉,南,改,ＧＸ８,2,前回点検から80日経過　前回点検から2ヶ月経過,3/1/2026,84,,,,,,,,,,,,,,,,,,5/24/2026
5/24/2026,×,小田原線,鶴巻温泉,南,改,ＧＸ８,3,前回点検から80日経過　前回点検から2ヶ月経過,3/1/2026,84,,,,,,,,,,,,,,,,,,5/24/2026
5/24/2026,×,小田原線,鶴巻温泉,南,監,ＫＸ８,5,前回点検から80日経過　前回点検から２ヶ月経過,3/1/2026,84,,,,,,,,,,,,,,,,,,5/24/2026
5/24/2026,×,小田原線,東海大学前,本屋,改,ＧＸ８,1,前回点検から80日経過　前回点検から2ヶ月経過,3/1/2026,84,,,,,,,,,,,,,,,,,,5/24/2026
5/24/2026,×,小田原線,東海大学前,本屋,改,ＧＸ８,2,前回点検から80日経過　前回点検から2ヶ月経過,3/1/2026,84,,,,,,,,,,,,,,,,,,5/24/2026
5/24/2026,×,小田原線,東海大学前,本屋,改,ＧＸ８,3,前回点検から80日経過　前回点検から2ヶ月経過,3/1/2026,84,,,,,,,,,,,,,,,,,,5/24/2026
5/24/2026,×,小田原線,東海大学前,本屋,改,ＧＸ８,4,前回点検から80日経過　前回点検から2ヶ月経過,3/1/2026,84,,,,,,,,,,,,,,,,,,5/24/2026
5/24/2026,×,小田原線,東海大学前,本屋,改,ＧＸ８,5,前回点検から80日経過　前回点検から2ヶ月経過,3/1/2026,84,,,,,,,,,,,,,,,,,,5/24/2026
5/24/2026,×,小田原線,東海大学前,本屋,改,ＧＸ８,6,前回点検から80日経過　前回点検から2ヶ月経過,3/1/2026,84,,,,,,,,,,,,,,,,,,5/24/2026
5/24/2026,×,小田原線,東海大学前,本屋,改,ＧＸ８,7,前回点検から80日経過　前回点検から2ヶ月経過,3/1/2026,84,,,,,,,,,,,,,,,,,,5/24/2026
5/24/2026,×,小田原線,東海大学前,本屋,監,ＫＸ８,4,前回点検から80日経過　前回点検から２ヶ月経過,3/1/2026,84,,,,,,,,,,,,,,,,,,5/24/2026
5/24/2026,×,江ノ島線,中央林間,東,改,ＧＸ８,1,前回点検から80日経過　前回点検から2ヶ月経過,3/3/2026,82,,,,,,,,,,,,,,,,,,5/24/2026
5/24/2026,×,江ノ島線,中央林間,東,改,ＧＸ８,2,前回点検から80日経過　前回点検から2ヶ月経過,3/3/2026,82,,,,,,,,,,,,,,,,,,5/24/2026
5/24/2026,×,江ノ島線,中央林間,東,改,ＧＸ８,3,前回点検から80日経過　前回点検から2ヶ月経過,3/3/2026,82,,,,,,,,,,,,,,,,,,5/24/2026
5/24/2026,×,江ノ島線,中央林間,東,改,ＧＸ８,4,前回点検から80日経過　前回点検から2ヶ月経過,3/3/2026,82,,,,,,,,,,,,,,,,,,5/24/2026
5/24/2026,×,江ノ島線,中央林間,東,監,ＫＸ８,6,前回点検から80日経過　前回点検から２ヶ月経過,3/3/2026,82,,,,,,,,,,,,,,,,,,5/24/2026
5/24/2026,×,江ノ島線,六会日大前,本屋,改,ＧＸ８,3,ハンドラ（主）　ＰＨ１７異常　３回／日以上　ハンドラ（主）　ＰＨ１８異常　３回／日以上　ハンドラ（主）　ＰＨ１９異常　３回／日以上　ハンドラ（主）　ＰＨ２０異常　３回／日以上　ハンドラ（主）　ＰＨ２１異常　３回／日以上　ハンドラ（主）　ＰＨ２２異常　３回／日以上　ハンドラ（主）　ＰＨ２４異常　３回／日以上　ハンドラ（主）　ＰＨ２６異常　３回／日以上　ハンドラ（主）　ＰＨ２７異常　３回／日以上　ハンドラ（主）　ＰＨ２８異常　３回／日以上　ハンドラ（主）　ＰＨ２９異常　３回／日以上,5/23/2026,1,,,,,,,,,,,,,,,,,,5/24/2026
5/24/2026,×,江ノ島線,藤沢本町,本屋,改,ＧＸ８,2,分離リトライ／日　（主機）,5/1/2026,23,,,,,,,,,,,,,,,,,,5/24/2026
5/24/2026,×,江ノ島線,鵠沼海岸,本屋,改,ＧＸ８,1,前回点検から80日経過　前回点検から2ヶ月経過,2/23/2026,90,,,,,,,,,,,,,,,,,,5/24/2026
5/24/2026,×,江ノ島線,鵠沼海岸,本屋,改,ＧＸ８,2,前回点検から80日経過　前回点検から2ヶ月経過,2/23/2026,90,,,,,,,,,,,,,,,,,,5/24/2026
5/24/2026,×,江ノ島線,鵠沼海岸,本屋,改,ＧＸ８,3,前回点検から80日経過　前回点検から2ヶ月経過,2/23/2026,90,,,,,,,,,,,,,,,,,,5/24/2026
5/24/2026,×,江ノ島線,鵠沼海岸,本屋,改,ＧＸ８,4,前回点検から80日経過　前回点検から2ヶ月経過,2/23/2026,90,,,,,,,,,,,,,,,,,,5/24/2026
5/24/2026,×,江ノ島線,鵠沼海岸,本屋,監,ＫＸ８,4,前回点検から80日経過　前回点検から２ヶ月経過,2/23/2026,90,,,,,,,,,,,,,,,,,,5/24/2026
5/24/2026,×,江ノ島線,片瀬江ノ島,本屋,改,ＧＸ８,5,前回点検から80日経過　前回点検から2ヶ月経過,2/14/2026,99,,,,,,,,,,,,,,,,,,5/24/2026
5/24/2026,×,江ノ島線,片瀬江ノ島,本屋,改,ＧＸ８,6,前回点検から80日経過　前回点検から2ヶ月経過,2/14/2026,99,,,,,,,,,,,,,,,,,,5/24/2026
5/24/2026,×,江ノ島線,片瀬江ノ島,本屋,改,ＧＸ８,7,前回点検から80日経過　前回点検から2ヶ月経過,2/14/2026,99,,,,,,,,,,,,,,,,,,5/24/2026
5/24/2026,×,江ノ島線,片瀬江ノ島,本屋,改,ＧＸ８,8,前回点検から80日経過　前回点検から2ヶ月経過,2/14/2026,99,,,,,,,,,,,,,,,,,,5/24/2026
